distance_A,memb49_atom_index,memb49_atom_name,other_index,other_atom_name,other_resname,other_segid,other_resid,other_category,other_is_ligand,rank
1.60482,7005,O14,30242,H1,TIP3,TIP3,3542,water/ion,0,1
1.61106,7004,O13,43397,H1,TIP3,TIP3,7927,water/ion,0,2
1.62559,7005,O14,30128,H1,TIP3,TIP3,3504,water/ion,0,3
1.63255,7045,H8S,22955,H1,TIP3,TIP3,1113,water/ion,0,4
1.66115,7064,H15S,21192,H2,TIP3,TIP3,525,water/ion,0,5
1.66573,7015,O22,43152,H2,TIP3,TIP3,7845,water/ion,0,6
1.67314,7024,O32,29400,H2,TIP3,TIP3,3261,water/ion,0,7
1.67388,7035,H5R,45672,H2,TIP3,TIP3,8685,water/ion,0,8
1.70996,7009,HA,5791,H15A,POPC,MEMB,40,lipid,0,9
1.72985,7088,H7X,41012,H1,TIP3,TIP3,7132,water/ion,0,10
1.74268,7022,O31,25206,H2,TIP3,TIP3,1863,water/ion,0,11
1.74274,7116,H16Y,38895,H2,TIP3,TIP3,6426,water/ion,0,12
1.74699,7006,O12,49737,H2,TIP3,TIP3,2738,water/ion,0,13
1.78893,7113,H15Y,41924,H1,TIP3,TIP3,7436,water/ion,0,14
1.78919,7092,H8Y,3563,H91,POPC,MEMB,23,lipid,0,15
1.81864,7004,O13,21023,H1,TIP3,TIP3,469,water/ion,0,16
1.82618,7092,H8Y,3565,H101,POPC,MEMB,23,lipid,0,17
1.83047,7092,H8Y,6017,H7Y,POPC,MEMB,41,lipid,0,18
1.83048,7021,HY,25206,H2,TIP3,TIP3,1863,water/ion,0,19
1.83926,7095,H9Y,5894,H11X,POPC,MEMB,40,lipid,0,20
